description,mode,name,type
uid,NULLABLE,uid,STRING
Connect_ID,NULLABLE,Connect_ID,INTEGER
D_399982309,REPEATED,D_399982309,STRING
D_414005872,NULLABLE,D_414005872,STRING
D_614123836,REPEATED,D_614123836,STRING
D_147792229,NULLABLE,D_147792229,STRING
D_976052812,NULLABLE,D_976052812,STRING
D_112024853,NULLABLE,D_112024853,STRING
D_982448213,NULLABLE,D_982448213,STRING
D_643361372,REPEATED,D_643361372,STRING
D_167997205,NULLABLE,D_167997205,STRING
D_972593606,NULLABLE,D_972593606,STRING
D_791830593,NULLABLE,D_791830593,STRING
D_164595895,NULLABLE,D_164595895,STRING
D_547633480,REPEATED,D_547633480,STRING
D_849945160,NULLABLE,D_849945160,STRING
D_996243083,NULLABLE,D_996243083,STRING
D_939897560,NULLABLE,D_939897560,STRING
D_224681201,NULLABLE,D_224681201,STRING
D_111082535,NULLABLE,D_111082535,STRING
D_543780863,REPEATED,D_543780863,STRING
D_880331901,NULLABLE,D_880331901,STRING
D_301052397,NULLABLE,D_301052397,STRING
D_734836192,NULLABLE,D_734836192,STRING
D_621744463,NULLABLE,D_621744463,STRING
D_204421360,REPEATED,D_204421360,STRING
D_517976064,REPEATED,D_517976064,STRING
D_894610280,REPEATED,D_894610280,STRING
D_267122668,NULLABLE,D_267122668,STRING
D_901660173,NULLABLE,D_901660173,STRING
D_591723682,NULLABLE,D_591723682,STRING
D_168431681,NULLABLE,D_168431681,STRING
D_636757313,NULLABLE,D_636757313,STRING
D_580367946,NULLABLE,D_580367946,STRING
D_392629868,NULLABLE,D_392629868,STRING
D_354980163,NULLABLE,D_354980163,STRING
D_823919522,NULLABLE,D_823919522,STRING
D_698673038,NULLABLE,D_698673038,STRING
D_874262904,NULLABLE,D_874262904,STRING
D_823541843,NULLABLE,D_823541843,STRING
D_910856756,NULLABLE,D_910856756,STRING
D_471018082,NULLABLE,D_471018082,STRING
D_940733450,NULLABLE,D_940733450,STRING
D_406137786,NULLABLE,D_406137786,STRING
D_631303960,NULLABLE,D_631303960,STRING
D_876846761,NULLABLE,D_876846761,STRING
D_756521698,NULLABLE,D_756521698,STRING
D_479628567,REPEATED,D_479628567,STRING
D_674976924,NULLABLE,D_674976924,STRING
D_771526486,NULLABLE,D_771526486,STRING
D_292658699,NULLABLE,D_292658699,STRING
D_152138929,REPEATED,D_152138929,STRING
D_534920374,NULLABLE,D_534920374,STRING
D_760801131,NULLABLE,D_760801131,STRING
D_424047361,NULLABLE,D_424047361,STRING
D_139673389,NULLABLE,D_139673389,STRING
D_648678282,NULLABLE,D_648678282,STRING
D_850536692,NULLABLE,D_850536692,STRING
D_774992239,NULLABLE,D_774992239,STRING
D_111235606,NULLABLE,D_111235606,STRING
D_570187182,NULLABLE,D_570187182,STRING
D_442059084,REPEATED,D_442059084,STRING
D_992022740,NULLABLE,D_992022740,STRING
D_429531329,NULLABLE,D_429531329,STRING
D_829749579,REPEATED,D_829749579,STRING
D_888313306,NULLABLE,D_888313306,STRING
D_644018981,NULLABLE,D_644018981,STRING
D_618482103,REPEATED,D_618482103,STRING
D_352531133,NULLABLE,D_352531133,STRING
D_267261558,NULLABLE,D_267261558,STRING
D_895837106,REPEATED,D_895837106,STRING
D_522949496,NULLABLE,D_522949496,STRING
D_272119228,NULLABLE,D_272119228,STRING
D_771528780_2_2,NULLABLE,D_771528780_2_2,STRING
D_278277373_1_1,NULLABLE,D_278277373_1_1,STRING
D_405571048,NULLABLE,D_405571048,STRING
D_486574018_2_2,NULLABLE,D_486574018_2_2,STRING
D_968816827_2_2,NULLABLE,D_968816827_2_2,STRING
D_133297530_1_1,NULLABLE,D_133297530_1_1,STRING
D_391951010_1_1,NULLABLE,D_391951010_1_1,STRING
D_779052408_1_1,NULLABLE,D_779052408_1_1,STRING
D_278277373_2_2,NULLABLE,D_278277373_2_2,STRING
D_771528780_1_1,NULLABLE,D_771528780_1_1,STRING
D_486574018_1_1,NULLABLE,D_486574018_1_1,STRING
D_968816827_1_1,NULLABLE,D_968816827_1_1,STRING
D_133297530_2_2,NULLABLE,D_133297530_2_2,STRING
D_391951010_2_2,NULLABLE,D_391951010_2_2,STRING
D_779052408_2_2,NULLABLE,D_779052408_2_2,STRING
D_222110888,REPEATED,D_222110888,STRING
D_422260069,NULLABLE,D_422260069,STRING
D_953510929,NULLABLE,D_953510929,STRING
D_278277373_3_3,NULLABLE,D_278277373_3_3,STRING
D_571361258,NULLABLE,D_571361258,STRING
D_391951010_3_3,NULLABLE,D_391951010_3_3,STRING
D_889053435,NULLABLE,D_889053435,STRING
D_779052408_3_3,NULLABLE,D_779052408_3_3,STRING
D_771528780_3_3,NULLABLE,D_771528780_3_3,STRING
D_133297530_3_3,NULLABLE,D_133297530_3_3,STRING
D_424183977,NULLABLE,D_424183977,STRING
D_968816827_3_3,NULLABLE,D_968816827_3_3,STRING
D_100937200,NULLABLE,D_100937200,STRING
D_177526169,NULLABLE,D_177526169,STRING
D_824287808,NULLABLE,D_824287808,STRING
D_255761998,NULLABLE,D_255761998,STRING
D_452984435,NULLABLE,D_452984435,STRING
D_901154649,NULLABLE,D_901154649,STRING
D_486574018_3_3,NULLABLE,D_486574018_3_3,STRING
D_113681507,NULLABLE,D_113681507,STRING
D_643807999,REPEATED,D_643807999,STRING
D_900299856,REPEATED,D_900299856,STRING
D_872509317,NULLABLE,D_872509317,STRING
D_378921620,NULLABLE,D_378921620,STRING
D_590329439,NULLABLE,D_590329439,STRING
D_906459952,NULLABLE,D_906459952,STRING
D_563663099,NULLABLE,D_563663099,STRING
D_787591805,REPEATED,D_787591805,STRING
D_689956879,NULLABLE,D_689956879,STRING
D_725713485,NULLABLE,D_725713485,STRING
D_968816827_4_4,NULLABLE,D_968816827_4_4,STRING
D_391951010_4_4,NULLABLE,D_391951010_4_4,STRING
D_771528780_4_4,NULLABLE,D_771528780_4_4,STRING
D_486574018_4_4,NULLABLE,D_486574018_4_4,STRING
D_278277373_4_4,NULLABLE,D_278277373_4_4,STRING
D_779052408_4_4,NULLABLE,D_779052408_4_4,STRING
D_133297530_4_4,NULLABLE,D_133297530_4_4,STRING
D_856627601,NULLABLE,D_856627601,STRING
D_801749224,NULLABLE,D_801749224,STRING
D_799382711,NULLABLE,D_799382711,STRING
D_564242877,REPEATED,D_564242877,STRING
D_411788467,NULLABLE,D_411788467,STRING
D_141251197,NULLABLE,D_141251197,STRING
D_262305264,REPEATED,D_262305264,STRING
D_214750556,NULLABLE,D_214750556,STRING
D_621878019,NULLABLE,D_621878019,STRING
D_820694957,NULLABLE,D_820694957,STRING
D_195662769,NULLABLE,D_195662769,STRING
D_214870856,NULLABLE,D_214870856,STRING
D_680730257,NULLABLE,D_680730257,STRING
D_392874924,NULLABLE,D_392874924,STRING
D_376720409,NULLABLE,D_376720409,STRING
D_575646308,NULLABLE,D_575646308,STRING
D_655266993,REPEATED,D_655266993,STRING
D_163057677,NULLABLE,D_163057677,STRING
D_225047594,NULLABLE,D_225047594,STRING
D_450131058,NULLABLE,D_450131058,STRING
D_991873978,NULLABLE,D_991873978,STRING
D_297084062,NULLABLE,D_297084062,STRING
D_404596261,NULLABLE,D_404596261,STRING
D_465017353,NULLABLE,D_465017353,STRING
D_370798456,NULLABLE,D_370798456,STRING
D_968816827_5_5,NULLABLE,D_968816827_5_5,STRING
D_391951010_5_5,NULLABLE,D_391951010_5_5,STRING
D_771528780_5_5,NULLABLE,D_771528780_5_5,STRING
D_486574018_5_5,NULLABLE,D_486574018_5_5,STRING
D_779052408_5_5,NULLABLE,D_779052408_5_5,STRING
D_133297530_5_5,NULLABLE,D_133297530_5_5,STRING
D_938969985,NULLABLE,D_938969985,STRING
D_876683805,NULLABLE,D_876683805,STRING
D_118237712,NULLABLE,D_118237712,STRING
D_902999015,NULLABLE,D_902999015,STRING
D_484006644,NULLABLE,D_484006644,STRING
D_858525957,REPEATED,D_858525957,STRING
D_849399881,NULLABLE,D_849399881,STRING
D_406846149,NULLABLE,D_406846149,STRING
D_556235252,NULLABLE,D_556235252,STRING
D_270254670,NULLABLE,D_270254670,STRING
D_167966775,NULLABLE,D_167966775,STRING
D_799903478,NULLABLE,D_799903478,STRING
D_630231395,REPEATED,D_630231395,STRING
D_465635548,NULLABLE,D_465635548,STRING
D_149884127,REPEATED,D_149884127,STRING
D_904844824,NULLABLE,D_904844824,STRING
D_861824298,NULLABLE,D_861824298,STRING
D_946849196,REPEATED,D_946849196,STRING
D_414663452,NULLABLE,D_414663452,STRING
D_797076693,NULLABLE,D_797076693,STRING
D_792792066,NULLABLE,D_792792066,STRING
D_291707744,NULLABLE,D_291707744,STRING
D_984514646,NULLABLE,D_984514646,STRING
D_894363067,NULLABLE,D_894363067,STRING
D_846978339,NULLABLE,D_846978339,STRING
D_845164425,REPEATED,D_845164425,STRING
D_991330361,NULLABLE,D_991330361,STRING
D_650405110,NULLABLE,D_650405110,STRING
D_368595692,NULLABLE,D_368595692,STRING
D_278277373_5_5,NULLABLE,D_278277373_5_5,STRING
D_187772368,REPEATED,D_187772368,STRING
D_865200503,NULLABLE,D_865200503,STRING
D_831643763,NULLABLE,D_831643763,STRING
D_612068433,NULLABLE,D_612068433,STRING
D_583012139,NULLABLE,D_583012139,STRING
D_774514900,NULLABLE,D_774514900,STRING
D_378572291,NULLABLE,D_378572291,STRING
D_184692605,NULLABLE,D_184692605,STRING
D_371748514,REPEATED,D_371748514,STRING
D_944699052,NULLABLE,D_944699052,STRING
D_658018390,NULLABLE,D_658018390,STRING
D_887435355,REPEATED,D_887435355,STRING
D_737490587,NULLABLE,D_737490587,STRING
D_445571225,NULLABLE,D_445571225,STRING
D_761822652,NULLABLE,D_761822652,STRING
D_497904005,NULLABLE,D_497904005,STRING
D_219538082,NULLABLE,D_219538082,STRING
D_583111732,NULLABLE,D_583111732,STRING
D_603209609,NULLABLE,D_603209609,STRING
D_290126991,NULLABLE,D_290126991,STRING
D_798182168,NULLABLE,D_798182168,STRING
D_184448791,NULLABLE,D_184448791,STRING
D_768302347,NULLABLE,D_768302347,STRING
D_635874413,REPEATED,D_635874413,STRING
D_991427384,NULLABLE,D_991427384,STRING
D_263114971,NULLABLE,D_263114971,STRING
D_281494550_1_1,NULLABLE,D_281494550_1_1,STRING
D_815229596,REPEATED,D_815229596,STRING
D_981509686,NULLABLE,D_981509686,STRING
D_921220809,NULLABLE,D_921220809,STRING
D_747629521,NULLABLE,D_747629521,STRING
D_190721176,NULLABLE,D_190721176,STRING
D_771528780_6_6,NULLABLE,D_771528780_6_6,STRING
D_968816827_6_6,NULLABLE,D_968816827_6_6,STRING
D_391951010_6_6,NULLABLE,D_391951010_6_6,STRING
D_779052408_6_6,NULLABLE,D_779052408_6_6,STRING
D_133297530_6_6,NULLABLE,D_133297530_6_6,STRING
D_486574018_6_6,NULLABLE,D_486574018_6_6,STRING
D_278277373_6_6,NULLABLE,D_278277373_6_6,STRING
D_275143071,REPEATED,D_275143071,STRING
D_708921303,NULLABLE,D_708921303,STRING
D_814141708,NULLABLE,D_814141708,STRING
D_344573484,NULLABLE,D_344573484,STRING
D_807214881,NULLABLE,D_807214881,STRING
D_615979584,NULLABLE,D_615979584,STRING
D_922903688,NULLABLE,D_922903688,STRING
D_963284259,NULLABLE,D_963284259,STRING
D_615905904,NULLABLE,D_615905904,STRING
D_138836502,NULLABLE,D_138836502,STRING
D_305312165,NULLABLE,D_305312165,STRING
D_409324592,REPEATED,D_409324592,STRING
D_775324618,NULLABLE,D_775324618,STRING
D_819957363,NULLABLE,D_819957363,STRING
D_943996164,NULLABLE,D_943996164,STRING
D_875135634,NULLABLE,D_875135634,STRING
D_806253825,NULLABLE,D_806253825,STRING
D_220105997,NULLABLE,D_220105997,STRING
D_564185028,NULLABLE,D_564185028,STRING
D_560845692,NULLABLE,D_560845692,STRING
D_779165920,NULLABLE,D_779165920,STRING
D_356969766,NULLABLE,D_356969766,STRING
D_453820991,NULLABLE,D_453820991,STRING
D_111271067,NULLABLE,D_111271067,STRING
D_949663397,NULLABLE,D_949663397,STRING
D_557526470,NULLABLE,D_557526470,STRING
D_492822047,NULLABLE,D_492822047,STRING
D_466727144,NULLABLE,D_466727144,STRING
D_307736999,NULLABLE,D_307736999,STRING
D_912818075,NULLABLE,D_912818075,STRING
D_824165133,NULLABLE,D_824165133,STRING
D_728437398,NULLABLE,D_728437398,STRING
D_854078473,NULLABLE,D_854078473,STRING
D_295472931,NULLABLE,D_295472931,STRING
D_564374538,NULLABLE,D_564374538,STRING
D_265428345,NULLABLE,D_265428345,STRING
D_281494550_3_3,NULLABLE,D_281494550_3_3,STRING
D_371176229,NULLABLE,D_371176229,STRING
D_809735528,NULLABLE,D_809735528,STRING
D_946211808,NULLABLE,D_946211808,STRING
D_958009220,NULLABLE,D_958009220,STRING
D_491549803,NULLABLE,D_491549803,STRING
D_968816827_7_7,NULLABLE,D_968816827_7_7,STRING
D_391951010_7_7,NULLABLE,D_391951010_7_7,STRING
D_322479862,NULLABLE,D_322479862,STRING
D_936366310,NULLABLE,D_936366310,STRING
D_733861762,NULLABLE,D_733861762,STRING
D_509383583,REPEATED,D_509383583,STRING
D_439072744,NULLABLE,D_439072744,STRING
D_846227588,NULLABLE,D_846227588,STRING
D_628137243,NULLABLE,D_628137243,STRING
D_771528780_7_7,NULLABLE,D_771528780_7_7,STRING
D_486574018_7_7,NULLABLE,D_486574018_7_7,STRING
D_278277373_7_7,NULLABLE,D_278277373_7_7,STRING
D_779052408_7_7,NULLABLE,D_779052408_7_7,STRING
D_133297530_7_7,NULLABLE,D_133297530_7_7,STRING
D_560711355,NULLABLE,D_560711355,STRING
D_167207966,NULLABLE,D_167207966,STRING
D_281494550_2_2,NULLABLE,D_281494550_2_2,STRING
D_968816827_8_8,NULLABLE,D_968816827_8_8,STRING
D_391951010_8_8,NULLABLE,D_391951010_8_8,STRING
D_281494550_6_6,NULLABLE,D_281494550_6_6,STRING
D_133297530_8_8,NULLABLE,D_133297530_8_8,STRING
D_779052408_8_8,NULLABLE,D_779052408_8_8,STRING
D_466346054,NULLABLE,D_466346054,STRING
D_391951010_10_10,NULLABLE,D_391951010_10_10,STRING
D_486574018_8_8,NULLABLE,D_486574018_8_8,STRING
D_278277373_8_8,NULLABLE,D_278277373_8_8,STRING
D_968816827_10_10,NULLABLE,D_968816827_10_10,STRING
D_771528780_8_8,NULLABLE,D_771528780_8_8,STRING
D_391951010_9_9,NULLABLE,D_391951010_9_9,STRING
D_968816827_9_9,NULLABLE,D_968816827_9_9,STRING
D_771528780_10_10,NULLABLE,D_771528780_10_10,STRING
D_486574018_10_10,NULLABLE,D_486574018_10_10,STRING
D_779052408_10_10,NULLABLE,D_779052408_10_10,STRING
D_133297530_10_10,NULLABLE,D_133297530_10_10,STRING
D_309710463,NULLABLE,D_309710463,STRING
D_798889867,NULLABLE,D_798889867,STRING
D_771528780_9_9,NULLABLE,D_771528780_9_9,STRING
D_486574018_9_9,NULLABLE,D_486574018_9_9,STRING
D_779052408_9_9,NULLABLE,D_779052408_9_9,STRING
D_133297530_9_9,NULLABLE,D_133297530_9_9,STRING
D_281494550_5_5,NULLABLE,D_281494550_5_5,STRING
D_278277373_9_9,NULLABLE,D_278277373_9_9,STRING
D_538349354,NULLABLE,D_538349354,STRING
D_765748316,NULLABLE,D_305292465.D_765748316,STRING
D_785412329,NULLABLE,D_305292465.D_785412329,STRING
D_101310722,NULLABLE,D_901498441.D_101310722,STRING
D_901498441,REPEATED,D_901498441.D_901498441,STRING
D_969451837,NULLABLE,D_496539718.D_969451837,STRING
D_614145455,NULLABLE,D_614145455.D_614145455,STRING
D_672810476,NULLABLE,D_614145455.D_672810476,STRING
D_970604592,NULLABLE,D_215455305.D_970604592,STRING
D_434243220,NULLABLE,D_215455305.D_434243220,STRING
D_652561589,NULLABLE,D_392658845.D_652561589,STRING
D_239572239,NULLABLE,D_392658845.D_239572239,STRING
D_589522790,NULLABLE,D_392658845.D_589522790,STRING
D_699101535,NULLABLE,D_392658845.D_699101535,STRING
D_396649512,NULLABLE,D_649352910.D_396649512,STRING
D_654385712,NULLABLE,D_649352910.D_654385712,STRING
D_263483736,NULLABLE,D_649352910.D_263483736,STRING
D_806746224,NULLABLE,D_649352910.D_806746224,STRING
D_151161693,NULLABLE,D_733547268.D_151161693,STRING
D_980196073,NULLABLE,D_733547268.D_980196073,STRING
D_993029890,NULLABLE,D_733547268.D_993029890,STRING
D_115422925,NULLABLE,D_733547268.D_115422925,STRING
D_980120253,NULLABLE,D_733547268.D_980120253,STRING
D_491484323,NULLABLE,D_128705365.D_491484323,STRING
D_588637585,NULLABLE,D_128705365.D_588637585,STRING
D_986476579,NULLABLE,D_128705365.D_986476579,STRING
D_607323377,NULLABLE,D_128705365.D_607323377,STRING
D_199039940,NULLABLE,D_128705365.D_199039940,STRING
D_850393641,NULLABLE,D_653906464.D_850393641,STRING
D_707805344,NULLABLE,D_653906464.D_707805344,STRING
D_850393641,NULLABLE,D_358259099.D_850393641,STRING
D_707805344,NULLABLE,D_358259099.D_707805344,STRING
D_707805344,NULLABLE,D_424807655.D_707805344,STRING
D_850393641,NULLABLE,D_424807655.D_850393641,STRING
D_850393641,NULLABLE,D_532767229.D_850393641,STRING
D_707805344,NULLABLE,D_532767229.D_707805344,STRING
D_850393641,NULLABLE,D_711365027.D_850393641,STRING
D_707805344,NULLABLE,D_711365027.D_707805344,STRING
D_707805344,NULLABLE,D_825227968.D_707805344,STRING
D_850393641,NULLABLE,D_825227968.D_850393641,STRING
D_257137378,NULLABLE,D_421859821.D_257137378,STRING
D_781115321,NULLABLE,D_421859821.D_781115321,STRING
D_220238240,NULLABLE,D_421859821.D_220238240,STRING
D_453071098,NULLABLE,D_421859821.D_453071098,STRING
D_151006826,NULLABLE,D_421859821.D_151006826,STRING
D_513065503,NULLABLE,D_421859821.D_513065503,STRING
D_965290070,NULLABLE,D_421859821.D_965290070,STRING
D_955609858,NULLABLE,D_981441822.D_955609858,STRING
D_354550061,NULLABLE,D_981441822.D_354550061,STRING
D_403155173,NULLABLE,D_981441822.D_403155173,STRING
D_186488870,NULLABLE,D_981441822.D_186488870,STRING
D_576621769,NULLABLE,D_981441822.D_576621769,STRING
D_179705366,NULLABLE,D_981441822.D_179705366,STRING
D_760686611,NULLABLE,D_981441822.D_760686611,STRING
D_922388461,NULLABLE,D_981441822.D_922388461,STRING
D_988508028,NULLABLE,D_981441822.D_988508028,STRING
D_765748316,NULLABLE,D_388804810.D_765748316,STRING
D_785412329,NULLABLE,D_388804810.D_785412329,STRING
D_548355426,REPEATED,D_548355426.D_548355426,STRING
D_833755477,NULLABLE,D_548355426.D_833755477,STRING
D_881200765,REPEATED,D_881200765.D_881200765,STRING
D_762700622,NULLABLE,D_881200765.D_762700622,STRING
D_668834883,REPEATED,D_668834883.D_668834883,STRING
D_640559281,NULLABLE,D_668834883.D_640559281,STRING
D_970604592,NULLABLE,D_695206943.D_970604592,STRING
D_434243220,NULLABLE,D_695206943.D_434243220,STRING
D_800943768,REPEATED,D_800943768.D_800943768,STRING
D_235516216,NULLABLE,D_800943768.D_235516216,STRING
D_263785082,REPEATED,D_263785082.D_263785082,STRING
D_542108835,NULLABLE,D_263785082.D_542108835,STRING
D_765748316,NULLABLE,D_861838892.D_765748316,STRING
D_785412329,NULLABLE,D_861838892.D_785412329,STRING
D_970604592,NULLABLE,D_129924389.D_970604592,STRING
D_434243220,NULLABLE,D_129924389.D_434243220,STRING
D_101310722,NULLABLE,D_753610471.D_101310722,STRING
D_753610471,REPEATED,D_753610471.D_753610471,STRING
D_765748316,NULLABLE,D_172234651.D_765748316,STRING
D_785412329,NULLABLE,D_172234651.D_785412329,STRING
D_101310722,NULLABLE,D_596961796.D_101310722,STRING
D_596961796,REPEATED,D_596961796.D_596961796,STRING
D_101310722,NULLABLE,D_753416375.D_101310722,STRING
D_753416375,REPEATED,D_753416375.D_753416375,STRING
D_434243220,NULLABLE,D_268372217.D_434243220,STRING
D_970604592,NULLABLE,D_268372217.D_970604592,STRING
D_434243220,NULLABLE,D_556129044.D_434243220,STRING
D_970604592,NULLABLE,D_556129044.D_970604592,STRING
D_970604592,NULLABLE,D_623759247.D_970604592,STRING
D_434243220,NULLABLE,D_623759247.D_434243220,STRING
D_863007380,NULLABLE,D_199254974.D_863007380,STRING
D_120485458,NULLABLE,D_199254974.D_120485458,STRING
D_765748316,NULLABLE,D_234177873.D_765748316,STRING
D_785412329,NULLABLE,D_234177873.D_785412329,STRING
D_101310722,NULLABLE,D_799338907.D_101310722,STRING
D_799338907,REPEATED,D_799338907.D_799338907,STRING
D_765748316,NULLABLE,D_731790154.D_765748316,STRING
D_785412329,NULLABLE,D_731790154.D_785412329,STRING
D_101310722,NULLABLE,D_550092533.D_101310722,STRING
D_550092533,REPEATED,D_550092533.D_550092533,STRING
D_765748316,NULLABLE,D_694817520.D_765748316,STRING
D_785412329,NULLABLE,D_694817520.D_785412329,STRING
D_101310722,NULLABLE,D_991622246.D_101310722,STRING
D_991622246,REPEATED,D_991622246.D_991622246,STRING
D_629010195,REPEATED,D_629010195.D_629010195,STRING
D_654253676,NULLABLE,D_629010195.D_654253676,STRING
D_970604592,NULLABLE,D_101144925.D_970604592,STRING
D_434243220,NULLABLE,D_101144925.D_434243220,STRING
D_970604592,NULLABLE,D_899455852.D_970604592,STRING
D_434243220,NULLABLE,D_899455852.D_434243220,STRING
D_970604592,NULLABLE,D_358011592.D_970604592,STRING
D_434243220,NULLABLE,D_358011592.D_434243220,STRING
D_785412329,NULLABLE,D_614446276.D_785412329,STRING
D_765748316,NULLABLE,D_614446276.D_765748316,STRING
D_765748316,NULLABLE,D_745223146.D_765748316,STRING
D_785412329,NULLABLE,D_745223146.D_785412329,STRING
D_850202336,NULLABLE,D_850202336.D_850202336,STRING
D_526448646,NULLABLE,D_850202336.D_526448646,STRING
D_101310722,NULLABLE,D_646042915.D_101310722,STRING
D_646042915,REPEATED,D_646042915.D_646042915,STRING
D_101310722,NULLABLE,D_273218182.D_101310722,STRING
D_273218182,REPEATED,D_273218182.D_273218182,STRING
D_434243220,NULLABLE,D_984901301.D_434243220,STRING
D_970604592,NULLABLE,D_984901301.D_970604592,STRING
D_101310722,NULLABLE,D_618427836.D_101310722,STRING
D_618427836,REPEATED,D_618427836.D_618427836,STRING
D_765748316,NULLABLE,D_266752903.D_765748316,STRING
D_785412329,NULLABLE,D_266752903.D_785412329,STRING
D_765748316,NULLABLE,D_416865817.D_765748316,STRING
D_785412329,NULLABLE,D_416865817.D_785412329,STRING
D_101310722,NULLABLE,D_803968511.D_101310722,STRING
D_803968511,REPEATED,D_803968511.D_803968511,STRING
D_970604592,NULLABLE,D_139348254.D_970604592,STRING
D_434243220,NULLABLE,D_139348254.D_434243220,STRING
D_101310722,NULLABLE,D_438682764.D_101310722,STRING
D_438682764,REPEATED,D_438682764.D_438682764,STRING
D_785412329,NULLABLE,D_697661603.D_785412329,STRING
D_765748316,NULLABLE,D_697661603.D_765748316,STRING
D_970604592,NULLABLE,D_824251330.D_970604592,STRING
D_434243220,NULLABLE,D_824251330.D_434243220,STRING
D_825189914,REPEATED,D_825189914.D_825189914,STRING
D_101310722,NULLABLE,D_825189914.D_101310722,STRING
D_970604592,NULLABLE,D_535533643.D_970604592,STRING
D_434243220,NULLABLE,D_535533643.D_434243220,STRING
D_765748316,NULLABLE,D_837412550.D_765748316,STRING
D_785412329,NULLABLE,D_837412550.D_785412329,STRING
D_434243220,NULLABLE,D_946710366.D_434243220,STRING
D_970604592,NULLABLE,D_946710366.D_970604592,STRING
D_970604592,NULLABLE,D_604086099.D_970604592,STRING
D_434243220,NULLABLE,D_604086099.D_434243220,STRING
D_434243220,NULLABLE,D_745775718.D_434243220,STRING
D_970604592,NULLABLE,D_745775718.D_970604592,STRING
D_434243220,NULLABLE,D_597869478.D_434243220,STRING
D_597869478_num,NULLABLE,D_597869478.D_597869478_num,STRING
D_434243220,NULLABLE,D_305195766.D_434243220,STRING
D_970604592,NULLABLE,D_305195766.D_970604592,STRING
D_970604592,NULLABLE,D_578176688.D_970604592,STRING
D_434243220,NULLABLE,D_578176688.D_434243220,STRING
D_434243220,NULLABLE,D_654271781.D_434243220,STRING
D_970604592,NULLABLE,D_654271781.D_970604592,STRING
D_893965588,REPEATED,D_893965588.D_893965588,STRING
D_101310722,NULLABLE,D_893965588.D_101310722,STRING
D_765748316,NULLABLE,D_248599913.D_765748316,STRING
D_785412329,NULLABLE,D_248599913.D_785412329,STRING
